{"train_reconstruction_error": 0.06972841898495508, "test_reconstruction_error": 0.06338490742885783}