{"train_reconstruction_error": 0.0728890535232817, "test_reconstruction_error": 0.07391133873981676}