{"train_reconstruction_error": 0.06946108649952429, "test_reconstruction_error": 0.06759166595302918}