{"train_reconstruction_error": 0.06979054679430538, "test_reconstruction_error": 0.06451814457414885}