{"train_reconstruction_error": 0.07401669277911678, "test_reconstruction_error": 0.09465236359874073}