{"train_reconstruction_error": 0.08129153631790922, "test_reconstruction_error": 0.07708848049943216}