{"train_reconstruction_error": 0.11184369084444135, "test_reconstruction_error": 0.06697813000200623}