{"train_reconstruction_error": 0.06832654407908789, "test_reconstruction_error": 0.06787724422575916}