{"train_reconstruction_error": 0.06815488205666241, "test_reconstruction_error": 0.07156277342958973}