{"train_reconstruction_error": 0.0683718234804685, "test_reconstruction_error": 0.06357244632866202}