{"train_reconstruction_error": 0.06968282508343245, "test_reconstruction_error": 0.06394120716053169}