{"train_reconstruction_error": 0.07248354161462553, "test_reconstruction_error": 0.07885385988237588}