{"train_reconstruction_error": 0.06999823208766073, "test_reconstruction_error": 0.06883951845619035}