{"train_reconstruction_error": 0.0710554359473178, "test_reconstruction_error": 0.08952343709798424}