{"train_reconstruction_error": 0.08763555891372116, "test_reconstruction_error": 0.06585495518617696}