{"train_reconstruction_error": 0.1120846269488602, "test_reconstruction_error": 0.06665016780224674}