{"train_reconstruction_error": 0.11253384811650419, "test_reconstruction_error": 0.06632108487375425}