{"train_reconstruction_error": 0.0686123510130157, "test_reconstruction_error": 0.06501724924526753}