{"train_reconstruction_error": 0.07280653047538396, "test_reconstruction_error": 0.07924007125803229}