{"train_reconstruction_error": 0.11101788382730625, "test_reconstruction_error": 0.06515331462140297}