{"train_reconstruction_error": 0.07046423154234148, "test_reconstruction_error": 0.06748478244850127}