{"train_reconstruction_error": 0.06771789441960241, "test_reconstruction_error": 0.06558551978762671}