{"train_reconstruction_error": 0.07106905781204811, "test_reconstruction_error": 0.07542303099840583}