{"train_reconstruction_error": 0.07254069084145369, "test_reconstruction_error": 0.07742716669090415}