{"train_reconstruction_error": 0.06837094343479684, "test_reconstruction_error": 0.07084065198409786}