{"train_reconstruction_error": 0.06924744299610493, "test_reconstruction_error": 0.06576424530148593}