{"train_reconstruction_error": 0.07157755478940486, "test_reconstruction_error": 0.08247662834279182}