{"train_reconstruction_error": 0.07096345110421044, "test_reconstruction_error": 0.0680115546871218}