{"train_reconstruction_error": 0.07275557013974614, "test_reconstruction_error": 0.0770020798384761}