{"train_reconstruction_error": 0.11169838366426627, "test_reconstruction_error": 0.06546434363283267}