{"train_reconstruction_error": 0.07098660569432977, "test_reconstruction_error": 0.0796686510284578}