{"train_reconstruction_error": 0.07113139388126624, "test_reconstruction_error": 0.06834861360018521}