{"train_reconstruction_error": 0.06774932968947511, "test_reconstruction_error": 0.0774395576749892}