{"train_reconstruction_error": 0.06979218712349719, "test_reconstruction_error": 0.06552878031794226}