{"train_reconstruction_error": 0.06800734055332287, "test_reconstruction_error": 0.06442067587430232}