{"train_reconstruction_error": 0.07064141597990847, "test_reconstruction_error": 0.07680743806196756}