{"train_reconstruction_error": 0.06824789371958304, "test_reconstruction_error": 0.07087455486909741}