{"train_reconstruction_error": 0.07366597306822362, "test_reconstruction_error": 0.06850880044119281}