{"train_reconstruction_error": 0.06995488871042942, "test_reconstruction_error": 0.06689953352701254}