{"train_reconstruction_error": 0.06829509841812346, "test_reconstruction_error": 0.07494079635111751}