{"train_reconstruction_error": 0.10646877221062506, "test_reconstruction_error": 0.06512028938484585}