{"train_reconstruction_error": 0.07781752267701281, "test_reconstruction_error": 0.08493615176508998}