{"train_reconstruction_error": 0.06850750795258274, "test_reconstruction_error": 0.06846470765615846}