{"train_reconstruction_error": 0.06976181431991317, "test_reconstruction_error": 0.07092553560003594}