{"train_reconstruction_error": 0.06879991207663787, "test_reconstruction_error": 0.06655327886636585}