{"train_reconstruction_error": 0.07039453795170396, "test_reconstruction_error": 0.07495250487702763}