{"train_reconstruction_error": 0.06703606544370463, "test_reconstruction_error": 0.0684832120732059}