{"train_reconstruction_error": 0.07076188632147981, "test_reconstruction_error": 0.06605500695701409}