{"train_reconstruction_error": 0.07011695546813008, "test_reconstruction_error": 0.0649656598939234}