{"train_reconstruction_error": 0.07046539082359532, "test_reconstruction_error": 0.07088060358209582}