{"train_reconstruction_error": 0.06987204244169694, "test_reconstruction_error": 0.06771877107635774}