{"train_reconstruction_error": 0.0676711759327821, "test_reconstruction_error": 0.06415590930423481}