{"train_reconstruction_error": 0.08053062002522644, "test_reconstruction_error": 0.06601294587666964}