{"train_reconstruction_error": 0.06913582689130254, "test_reconstruction_error": 0.06313784272348957}