{"train_reconstruction_error": 0.07027671183357556, "test_reconstruction_error": 0.07340027969561126}