{"train_reconstruction_error": 0.07071572727119108, "test_reconstruction_error": 0.0689886874625341}