{"train_reconstruction_error": 0.06798939238687228, "test_reconstruction_error": 0.06886253209173872}