{"train_reconstruction_error": 0.07067958858822196, "test_reconstruction_error": 0.06515206239073344}