{"train_reconstruction_error": 0.06862333464776632, "test_reconstruction_error": 0.06432029092784486}