{"train_reconstruction_error": 0.06729322682045369, "test_reconstruction_error": 0.0671308750754058}