{"train_reconstruction_error": 0.0676283790523247, "test_reconstruction_error": 0.06842124730773166}