{"train_reconstruction_error": 0.109336760176281, "test_reconstruction_error": 0.06764311708540904}