{"train_reconstruction_error": 0.06981383752506785, "test_reconstruction_error": 0.06650845530740361}