{"train_reconstruction_error": 0.06996255308834046, "test_reconstruction_error": 0.07093546282749655}