{"train_reconstruction_error": 0.07205009968905801, "test_reconstruction_error": 0.0775651723338404}