{"train_reconstruction_error": 0.07574114805293355, "test_reconstruction_error": 0.08592831379747301}