{"train_reconstruction_error": 0.06975059020114581, "test_reconstruction_error": 0.0713408940831338}