{"train_reconstruction_error": 0.07284105766720513, "test_reconstruction_error": 0.09727300498536391}