{"train_reconstruction_error": 0.06931961731587456, "test_reconstruction_error": 0.06489203363752559}