{"train_reconstruction_error": 0.06916697952955983, "test_reconstruction_error": 0.07127376426281003}