{"train_reconstruction_error": 0.06967127109159568, "test_reconstruction_error": 0.07457711484873188}