{"train_reconstruction_error": 0.07275642067316634, "test_reconstruction_error": 0.09577276855900946}