{"train_reconstruction_error": 0.06998727344993379, "test_reconstruction_error": 0.06971114122007839}