{"train_reconstruction_error": 0.09830918692614157, "test_reconstruction_error": 0.06578521674296929}