{"train_reconstruction_error": 0.07401845039661636, "test_reconstruction_error": 0.08231383513629376}