{"train_reconstruction_error": 0.10691751400988443, "test_reconstruction_error": 0.06540620185337129}