{"train_reconstruction_error": 0.06832310452539143, "test_reconstruction_error": 0.06496464499928277}