{"train_reconstruction_error": 0.06974983700168065, "test_reconstruction_error": 0.06994905534474608}