{"train_reconstruction_error": 0.06866777248940699, "test_reconstruction_error": 0.0679960745253219}