{"train_reconstruction_error": 0.07022854741692439, "test_reconstruction_error": 0.07530789669625974}