{"train_reconstruction_error": 0.06894714770321075, "test_reconstruction_error": 0.07075523360551997}