{"train_reconstruction_error": 0.06802911736466279, "test_reconstruction_error": 0.0668600640954787}