{"train_reconstruction_error": 0.07133824219216915, "test_reconstruction_error": 0.07310693896765973}