{"train_reconstruction_error": 0.07191872374927528, "test_reconstruction_error": 0.07785677932624203}