{"train_reconstruction_error": 0.07274924402190286, "test_reconstruction_error": 0.08039093417377045}