{"train_reconstruction_error": 0.06814591837781504, "test_reconstruction_error": 0.06497669681949296}