{"train_reconstruction_error": 0.06924920452542967, "test_reconstruction_error": 0.07406572110955782}