{"train_reconstruction_error": 0.06853421148491064, "test_reconstruction_error": 0.0633452255323911}