{"train_reconstruction_error": 0.06879588698992915, "test_reconstruction_error": 0.07564255618164824}