{"train_reconstruction_error": 0.11088824781284758, "test_reconstruction_error": 0.06600481988084393}