{"train_reconstruction_error": 0.07169997238258813, "test_reconstruction_error": 0.07154653302030402}