{"train_reconstruction_error": 0.06862470989649347, "test_reconstruction_error": 0.06906721543373777}