{"train_reconstruction_error": 0.06735639533238023, "test_reconstruction_error": 0.06857318529466111}