{"train_reconstruction_error": 0.0701790968156908, "test_reconstruction_error": 0.06577898710144864}