{"train_reconstruction_error": 0.06891340981975268, "test_reconstruction_error": 0.06569439543813246}