{"train_reconstruction_error": 0.06988659309052744, "test_reconstruction_error": 0.06687452794845651}