{"train_reconstruction_error": 0.06841690046572484, "test_reconstruction_error": 0.06700622557480115}