{"train_reconstruction_error": 0.06650488075550438, "test_reconstruction_error": 0.07011478824142887}