{"train_reconstruction_error": 0.07454011278310939, "test_reconstruction_error": 0.09135306030882147}