{"train_reconstruction_error": 0.11071504253663496, "test_reconstruction_error": 0.06533455004346077}