{"train_reconstruction_error": 0.06952330198202122, "test_reconstruction_error": 0.06868536918489052}