{"train_reconstruction_error": 0.06800495466433583, "test_reconstruction_error": 0.06344999936127635}