{"train_reconstruction_error": 0.06960614144794759, "test_reconstruction_error": 0.06973962421629999}