{"train_reconstruction_error": 0.07003298237970434, "test_reconstruction_error": 0.06660926921285838}