{"train_reconstruction_error": 0.07806955828535317, "test_reconstruction_error": 0.07278835733296979}