{"train_reconstruction_error": 0.06827617474491685, "test_reconstruction_error": 0.06589412448851883}