{"train_reconstruction_error": 0.11023617707279378, "test_reconstruction_error": 0.06541407580509749}