{"train_reconstruction_error": 0.07039070112098259, "test_reconstruction_error": 0.07999150449753464}