{"train_reconstruction_error": 0.07018410904221975, "test_reconstruction_error": 0.06678397457575705}