{"train_reconstruction_error": 0.06819433630469726, "test_reconstruction_error": 0.06839748633206197}