{"train_reconstruction_error": 0.06866360434410398, "test_reconstruction_error": 0.06363981868223931}