{"train_reconstruction_error": 0.07061968181298843, "test_reconstruction_error": 0.06570520029495586}