{"train_reconstruction_error": 0.0678468331405468, "test_reconstruction_error": 0.0879062207236696}