{"train_reconstruction_error": 0.07183089006076876, "test_reconstruction_error": 0.067298340355489}