{"train_reconstruction_error": 0.11311003562206712, "test_reconstruction_error": 0.06611091013855647}