{"train_reconstruction_error": 0.07134524725928006, "test_reconstruction_error": 0.06671942289566717}