{"train_reconstruction_error": 0.0715674388766418, "test_reconstruction_error": 0.07305228875805236}