{"train_reconstruction_error": 0.06915444517929369, "test_reconstruction_error": 0.0695363532836814}