{"train_reconstruction_error": 0.06898566995358285, "test_reconstruction_error": 0.06389700896126492}