{"train_reconstruction_error": 0.11266792548282256, "test_reconstruction_error": 0.06769127148704221}