{"train_reconstruction_error": 0.06913228383941708, "test_reconstruction_error": 0.0708324440986048}