{"train_reconstruction_error": 0.07262492613761111, "test_reconstruction_error": 0.07261485440603759}