{"train_reconstruction_error": 0.07016816606008765, "test_reconstruction_error": 0.06775158132333048}