{"train_reconstruction_error": 0.0867798173730703, "test_reconstruction_error": 0.0680289250141728}