{"train_reconstruction_error": 0.07740438446621455, "test_reconstruction_error": 0.08202955152750595}