{"train_reconstruction_error": 0.07295396198534666, "test_reconstruction_error": 0.07489161290016846}