{"train_reconstruction_error": 0.0710513978183422, "test_reconstruction_error": 0.06480874829266026}