{"train_reconstruction_error": 0.06823871402581823, "test_reconstruction_error": 0.06362371423163417}