{"train_reconstruction_error": 0.06951469513661111, "test_reconstruction_error": 0.06583552663754175}