{"train_reconstruction_error": 0.06908331736946748, "test_reconstruction_error": 0.06401550622214677}