{"train_reconstruction_error": 0.06838153333221521, "test_reconstruction_error": 0.06913294596163669}