{"train_reconstruction_error": 0.06909636494986462, "test_reconstruction_error": 0.06961109236658546}