{"train_reconstruction_error": 0.06918462845082558, "test_reconstruction_error": 0.06616660951283529}