{"train_reconstruction_error": 0.11191369993877104, "test_reconstruction_error": 0.06580497768126657}