{"train_reconstruction_error": 0.0691546388589302, "test_reconstruction_error": 0.06661881553556014}