{"train_reconstruction_error": 0.06818321138980259, "test_reconstruction_error": 0.06345090585004498}