{"train_reconstruction_error": 0.06994793611047986, "test_reconstruction_error": 0.06851115444996297}