{"train_reconstruction_error": 0.07046424625415529, "test_reconstruction_error": 0.0733866886296399}