{"train_reconstruction_error": 0.06922998621372954, "test_reconstruction_error": 0.07110221167683961}