{"train_reconstruction_error": 0.07047985812224278, "test_reconstruction_error": 0.07405260520154018}