{"train_reconstruction_error": 0.06984062512488544, "test_reconstruction_error": 0.06174108999602079}