{"train_reconstruction_error": 0.07001387488739996, "test_reconstruction_error": 0.07258781157507936}