{"train_reconstruction_error": 0.06681866122385474, "test_reconstruction_error": 0.07059273856191482}