{"train_reconstruction_error": 0.07098939411269714, "test_reconstruction_error": 0.0785663812655759}