{"train_reconstruction_error": 0.06634392538129373, "test_reconstruction_error": 0.06235712460212309}