{"train_reconstruction_error": 0.06757318098630269, "test_reconstruction_error": 0.06695382375843728}