{"train_reconstruction_error": 0.06922799008337994, "test_reconstruction_error": 0.06683879881591133}