{"train_reconstruction_error": 0.06889492488519958, "test_reconstruction_error": 0.08128170500447382}