{"train_reconstruction_error": 0.06995965122491868, "test_reconstruction_error": 0.07622861063085742}