{"train_reconstruction_error": 0.06881100482981209, "test_reconstruction_error": 0.06487879214497651}