{"train_reconstruction_error": 0.06909767766735765, "test_reconstruction_error": 0.06570448778835834}