{"train_reconstruction_error": 0.06958165539833679, "test_reconstruction_error": 0.06225638847261233}