{"train_reconstruction_error": 0.07002433173346961, "test_reconstruction_error": 0.06536925365661232}