{"train_reconstruction_error": 0.06896119538842456, "test_reconstruction_error": 0.06780914823515063}