{"train_reconstruction_error": 0.09971814255891905, "test_reconstruction_error": 0.06738562068929418}