{"train_reconstruction_error": 0.0707453472752924, "test_reconstruction_error": 0.08676233005757518}