{"train_reconstruction_error": 0.07412822715103673, "test_reconstruction_error": 0.08788858144961272}