{"train_reconstruction_error": 0.06914312203503023, "test_reconstruction_error": 0.06657175562911125}