{"train_reconstruction_error": 0.06730180993440686, "test_reconstruction_error": 0.06658680190948298}