{"train_reconstruction_error": 0.1137812261308253, "test_reconstruction_error": 0.11038322323624272}