{"train_reconstruction_error": 0.07250808999756336, "test_reconstruction_error": 0.09819684107951207}