{"train_reconstruction_error": 0.06813611132410884, "test_reconstruction_error": 0.06667468534446966}