{"train_reconstruction_error": 0.0695837767198196, "test_reconstruction_error": 0.0657180750985532}