{"train_reconstruction_error": 0.07051013347268317, "test_reconstruction_error": 0.07232113654106956}