{"train_reconstruction_error": 0.11160810583854072, "test_reconstruction_error": 0.06656275704023748}