{"train_reconstruction_error": 0.06919361631176306, "test_reconstruction_error": 0.06902477756334312}