{"train_reconstruction_error": 0.07063249819792017, "test_reconstruction_error": 0.06761206176720393}