{"train_reconstruction_error": 0.07093216475172344, "test_reconstruction_error": 0.06719261407362147}