{"train_reconstruction_error": 0.06953456749445133, "test_reconstruction_error": 0.06437692077718005}