{"train_reconstruction_error": 0.06802506133247149, "test_reconstruction_error": 0.07123186040115906}