{"train_reconstruction_error": 0.06997656152877202, "test_reconstruction_error": 0.06568276423123562}