{"train_reconstruction_error": 0.06858011053841996, "test_reconstruction_error": 0.06563999603000265}