{"train_reconstruction_error": 0.06907133146062437, "test_reconstruction_error": 0.06511109764167526}