{"train_reconstruction_error": 0.06958184090957648, "test_reconstruction_error": 0.06533011506384022}