{"train_reconstruction_error": 0.06974784755404699, "test_reconstruction_error": 0.06849594285218671}