{"train_reconstruction_error": 0.07135550838537429, "test_reconstruction_error": 0.0661892138694218}