{"train_reconstruction_error": 0.1113301578832329, "test_reconstruction_error": 0.06602027975675655}