{"train_reconstruction_error": 0.11236919446156134, "test_reconstruction_error": 0.0666526146615067}