{"train_reconstruction_error": 0.06877750685591308, "test_reconstruction_error": 0.06462922144608811}