{"train_reconstruction_error": 0.06963233609832195, "test_reconstruction_error": 0.06565513861188978}