{"train_reconstruction_error": 0.07757344608171858, "test_reconstruction_error": 0.06957281395572189}