{"train_reconstruction_error": 0.0705464204999525, "test_reconstruction_error": 0.06564107349050533}