{"train_reconstruction_error": 0.11274601927042016, "test_reconstruction_error": 0.0668296574074972}