{"train_reconstruction_error": 0.07471418883790899, "test_reconstruction_error": 0.0784608214963915}