{"train_reconstruction_error": 0.1080562512547275, "test_reconstruction_error": 0.06780042178087792}