{"train_reconstruction_error": 0.06881272931789148, "test_reconstruction_error": 0.07344044264533431}