{"train_reconstruction_error": 0.0719894496673295, "test_reconstruction_error": 0.06741803817967261}