{"train_reconstruction_error": 0.06678235696881635, "test_reconstruction_error": 0.06460154578043936}