{"train_reconstruction_error": 0.07660986199044122, "test_reconstruction_error": 0.08253043549632638}