{"train_reconstruction_error": 0.06875350754521947, "test_reconstruction_error": 0.06436029604720117}