{"train_reconstruction_error": 0.11322527945902452, "test_reconstruction_error": 0.06699954243649042}