{"train_reconstruction_error": 0.06722433889375333, "test_reconstruction_error": 0.06794794153231272}