{"train_reconstruction_error": 0.07429325860954533, "test_reconstruction_error": 0.07621570016816581}