{"train_reconstruction_error": 0.06989524510029266, "test_reconstruction_error": 0.06992608997086579}