{"train_reconstruction_error": 0.11260693652942295, "test_reconstruction_error": 0.06780744044682278}