{"train_reconstruction_error": 0.10212503334080868, "test_reconstruction_error": 0.06837071863460366}