{"train_reconstruction_error": 0.07197820915793965, "test_reconstruction_error": 0.06632889280003229}