{"train_reconstruction_error": 0.06785580073888921, "test_reconstruction_error": 0.06912526200802346}