{"train_reconstruction_error": 0.11518592269031458, "test_reconstruction_error": 0.0672537760589612}