{"train_reconstruction_error": 0.07357558194463144, "test_reconstruction_error": 0.07609490664719477}